Opt_Energy,T2
-1.6133731800213718,"(((0, 4), (2, 6)),)"
-1.6202463221457695,"(((0, 5), (2, 7)),)"
-1.6065656715228531,"(((0, 4), (3, 7)),)"
-1.605241357174671,"(((0, 5), (3, 6)),)"
-1.605241357174671,"(((1, 4), (2, 7)),)"
-1.6483610805036326,"(((1, 5), (2, 6)),)"
-1.6202463221457695,"(((1, 4), (3, 6)),)"
-1.6121085601749017,"(((1, 5), (3, 7)),)"
-1.5785584559356063,"(((4, 5), (6, 7)),)"
