Opt_Energy,T2
-1.5761838827716552,"(((0, 4), (2, 6)),)"
-1.5761838827716552,"(((0, 5), (2, 7)),)"
-1.5761838827716552,"(((0, 4), (3, 7)),)"
-1.5484846493000788,"(((0, 5), (3, 6)),)"
-1.576183882771657,"(((1, 4), (2, 7)),)"
-1.5484846493000788,"(((1, 5), (2, 6)),)"
-1.5761838827716552,"(((1, 4), (3, 6)),)"
-1.576183882771657,"(((1, 5), (3, 7)),)"
-1.5761838827716552,"(((4, 5), (6, 7)),)"
