Opt_Energy,T2
-1.57412699435308,"((0, 4), (2, 6))"
-1.5739122677262483,"((0, 5), (2, 7))"
-1.57412699435308,"((0, 4), (3, 7))"
-1.5739122677262483,"((0, 5), (3, 6))"
-1.5741985695943939,"((1, 4), (2, 7))"
-1.5739838431762125,"((1, 5), (2, 6))"
-1.5741985695943939,"((1, 4), (3, 6))"
-1.5739838431762125,"((1, 5), (3, 7))"
-1.5741269943530805,"((4, 5), (6, 7))"
