Operator,Noisy_val_approx,Ideal_val,sum_cx,sum_cx0,sum_t2
"(((0, 5), (2, 7)), ((1, 4), (3, 6)))",-1.542458016871865,-1.5424580165595192,0.3333333333333333,0.25,2
