Operator,Noisy_val_approx,Ideal_value,sum_cx,sum_cx0,sum_t2
"((0, 5), (2, 7))",-1.4188578469301703,-1.4188578495195328,0.3076923076923077,0.23076923076923078,1
"((1, 4), (3, 6))",-1.4188578498481135,-1.4188578506679919,0.3076923076923077,0.23076923076923078,1
