Operator,Noisy_val_approx,Ideal_value,sum_cx,sum_cx0,sum_t2
"((0, 5), (2, 7))",-1.4188578503753237,-1.4188578485405825,0.3076923076923077,0.23076923076923078,1
"((1, 4), (3, 6))",-1.4188578503214349,-1.4188578488214938,0.3076923076923077,0.23076923076923078,1
