Opt_Energy,T2
-1.4110676628702101,"(((0, 4), (2, 6)),)"
-1.4188578488320969,"(((0, 5), (2, 7)),)"
-1.4057347934789026,"(((0, 4), (3, 7)),)"
-1.2310516928027466,"(((0, 5), (3, 6)),)"
-1.4098870947479785,"(((1, 4), (2, 7)),)"
-1.248930192491826,"(((1, 5), (2, 6)),)"
-1.4188578488320969,"(((1, 4), (3, 6)),)"
-1.412325285850186,"(((1, 5), (3, 7)),)"
-1.2934139892683711,"(((4, 5), (6, 7)),)"
